{"cameraMode":{"drawMode":0,"name":"Shaded","section":"Shading Mode"},"sceneLighting":true,"audioPlay":false,"sceneViewState":{"m_AlwaysRefresh":false,"showFog":true,"showSkybox":false,"showFlares":true,"showImageEffects":true,"showParticleSystems":true,"showVisualEffectGraphs":true,"m_FxEnabled":true},"in2DMode":false,"pivot":{"x":-0.25823917984962466,"y":1.050413727760315,"z":0.5183430910110474},"rotation":{"x":-0.7056384682655335,"y":0.0006356657831929624,"z":-0.0006354796350933611,"w":-0.7085946798324585},"size":5.653043746948242,"orthographic":false}