{"cameraMode":{"drawMode":0,"name":"Shaded","section":"Shading Mode"},"sceneLighting":true,"audioPlay":false,"sceneViewState":{"m_AlwaysRefresh":false,"showFog":true,"showSkybox":false,"showFlares":true,"showImageEffects":true,"showParticleSystems":true,"showVisualEffectGraphs":true,"m_FxEnabled":true},"in2DMode":false,"pivot":{"x":-10.192251205444336,"y":22.347475051879884,"z":-11.900629997253418},"rotation":{"x":0.21265791356563569,"y":0.40101194381713869,"z":-0.09645343571901322,"w":0.8858137726783752},"size":0.8660285472869873,"orthographic":false}