{"cameraMode":{"drawMode":0,"name":"Shaded","section":"Shading Mode"},"sceneLighting":false,"audioPlay":false,"sceneViewState":{"m_AlwaysRefresh":false,"showFog":true,"showSkybox":false,"showFlares":true,"showImageEffects":true,"showParticleSystems":true,"showVisualEffectGraphs":true,"m_FxEnabled":true},"in2DMode":false,"pivot":{"x":-0.10047455877065659,"y":-0.821880042552948,"z":0.24985657632350923},"rotation":{"x":-0.5901477932929993,"y":0.03218459710478783,"z":-0.02356436476111412,"w":-0.8063395023345947},"size":1.3726270198822022,"orthographic":false}