{"cameraMode":{"drawMode":0,"name":"Shaded","section":"Shading Mode"},"sceneLighting":false,"audioPlay":false,"sceneViewState":{"m_AlwaysRefresh":false,"showFog":true,"showSkybox":false,"showFlares":true,"showImageEffects":true,"showParticleSystems":true,"showVisualEffectGraphs":true,"m_FxEnabled":true},"in2DMode":false,"pivot":{"x":-0.36345067620277407,"y":-0.42801547050476076,"z":0.8395295739173889},"rotation":{"x":-0.3893008828163147,"y":0.4288816452026367,"z":-0.21211397647857667,"w":-0.787116527557373},"size":0.9338629245758057,"orthographic":false}